{"mean_": [0.11517375112370416, 0.11585293492762126, 0.5132334589861678, 0.3594307384385615, 2.6938155709691403, 30.270665173567558, 21.089642608558908, 0.08233718762373336, 0.09117311944617904, -0.2995911275112986, -0.033789893620786035, 7.003664912937712], "scale_": [0.03158020917750317, 0.11848196919174171, 0.08474482150870483, 0.06109667869208804, 0.7868514808813517, 47.07906765421151, 31.749782313931505, 0.07043339168083808, 0.08617672008174285, 0.047750493350704144, 0.1490300828124317, 10.655536152563274]}